{
	"partitions" : [
		{
			"name" : "Top",
			"pins" : [
				{
					"name" : "LED_IDLE",
					"strict" : false
				},
				{
					"name" : "LED_P1",
					"strict" : false
				},
				{
					"name" : "LED_P2",
					"strict" : false
				},
				{
					"name" : "LED_EMPATE",
					"strict" : false
				},
				{
					"name" : "R[0]",
					"strict" : false
				},
				{
					"name" : "R[1]",
					"strict" : false
				},
				{
					"name" : "R[2]",
					"strict" : false
				},
				{
					"name" : "R[3]",
					"strict" : false
				},
				{
					"name" : "G[0]",
					"strict" : false
				},
				{
					"name" : "G[1]",
					"strict" : false
				},
				{
					"name" : "G[2]",
					"strict" : false
				},
				{
					"name" : "G[3]",
					"strict" : false
				},
				{
					"name" : "B[0]",
					"strict" : false
				},
				{
					"name" : "B[1]",
					"strict" : false
				},
				{
					"name" : "B[2]",
					"strict" : false
				},
				{
					"name" : "B[3]",
					"strict" : false
				},
				{
					"name" : "HSYNC",
					"strict" : false
				},
				{
					"name" : "VSYNC",
					"strict" : false
				},
				{
					"name" : "Reset_in",
					"strict" : false
				},
				{
					"name" : "PLAY",
					"strict" : false
				},
				{
					"name" : "CLK",
					"strict" : false
				},
				{
					"name" : "JOGADA",
					"strict" : false
				},
				{
					"name" : "DIREITA",
					"strict" : false
				}
			]
		}
	]
}